AromaBackup->AromaBackup
notenoughIDs->notenoughIDs
HardcoreEnderExpansion->HardcoreEnderExpansion
MouseTweaks->MouseTweaks
torohealthmod->torohealth
universalsingularities->Universal-Singularities
berriespp->CropsPP
endercore->endercore
ironchestminecarts->IronChestMinecarts
travellersgearneo->travellersgearneo
asielib->AsieLib
kubatech->kubatech
forgelin->forgelin
galacticgreg->galacticgreg
GalaxySpace->GalaxySpace
Healer->Healer
BiomesOPlenty->BiomesOPlenty
LunatriusCore->LunatriusCore
ae2wct->WirelessCraftingTerminal
bettercrashes->bettercrashes
dreamcraft->GTNewHorizonsCoreMod
ForgeMultipart->ForgeMultipart
hodgepodge->hodgepodge
lootgames->lootgames
malisisdoors->malisisdoors
RelocationFMP->ForgeRelocationFMP
BrandonsCore->BrandonsCore
CoFHCore->CoFHCore
malisiscore->malisiscore
computronics->Computronics
modtweaker2->ModTweaker
thaumicbases->Thaumic-Based
beebetteratbees->BeeBetterAtBees
catwalks->catwalks
ae2fc->ae2fc
StorageDrawers->StorageDrawers
gendustry->gendustry
tgregworks->TGregworks
gttweaker->GTTweake
BuildCraft->buildcraft
IguanaTweaksTConstruct->IguanaTweaksTConstruct
Natura->Natura
defaultserverlist->defaultserverlist
modularui->modularui
neicustomdiagram->NEICustomDiagram
OilTweak->BuildCraftOilTweak
NettyPatch->NettyPatch
Automagy->Automagy
hydroenergy->hydroenergy
TMechworks->TMechworks
miscutils->GT-PlusPlus
thaumicinsurgence->thaumicinsurgence
NotEnoughItems->NotEnoughItems
Thaumcraft->Thaumcraft
opensecurity->opensecurity
Waila->Waila
eternalsingularity->eternalsingularity
PlayerAPI->PlayerAPI
enhancedlootbags->EnhancedLootBags
croploadcore->CropLoadCore
NEIAddons->NEIAddons
StorageDrawersForestry->StorageDrawersForestry
BiblioCraft->BiblioCraft
WarpTheory->WarpTheory
custommainmenu->custommainmenu
betterloadingscreen->betterloadingscreen
extracells->ExtraCells
bdlib->bdlib
tcinventoryscan->tcinventoryscan
naturescompass->naturescompass
AWWayofTime->BloodMagic
DummyCore->DummyCore
WitcheryExtras->WitcheryExtras
RWG->RWG
BetterAchievements->BetterAchievements
BiblioWoodsForestry->BiblioWoods[Forestry]
inventorytweaks->inventorytweaks
defaultworldgenerator->defaultworldgenerator
InGameInfoXML->InGameInfoXML
EMT->EMT
findit->findit
OpenBlocks->OpenBlocks
GoodGenerator->GoodGenerator
EnderStorage->EnderStorage
gregtech->gregtech
CarpentersBlocks->CarpentersBlocks
EnderIO->EnderIO
Translocator->Translocator
blockrenderer6343->blockrenderer6343
MrTJPCoreMod->MrTJPCore
InfernalMobs->InfernalMobs
SpecialMobs->SpecialMobs
Opis->Opis
sleepingbag->sleepingbag
gtnhlanth->gtnhlanth
thaumicenergistics->thaumicenergistics
Aroma1997Core->Aroma1997Core
BiblioWoodsBoP->BiblioWoods[BiomesOPlenty]
BinnieCore->binnie-mods
CodeChickenCore->CodeChickenCore
YAMCore->YAMCore
tectech->TecTech
openprinter->openprinter
WR-CBE->WR-CBE
wanionlib->WanionLib
oauth->oauth
bartworks->bartworks
structurelib->structurelib
gtnhmixins->gtnhmixins
NodalMechanics->NodalMechanics
GalacticraftCore->Galacticraft
ExtraUtilities->extrautilities
TML->TooMuchLoot
TravellersGear->TravellersGear
adventurebackpack->adventurebackpack
gtneioreplugin->gtneioreplugin
gadomancy->gadomancy
betterp2p->betterp2p
Baubles->Baubles
mxrandom->mxrandom
FloodLights->FloodLights
ArchitectureCraft->ArchitectureCraft
ThaumicMachina->Thaumic Machina
holoinventory->holoinventory
Forestry->Forestry
Schematica->Schematica
ifu->ifu
tcneiadditions->tcneiadditions
BiblioWoodsNatura->BiblioWoods[Natura]
p455w0rdlib->p455w0rdslib
tcnodetracker->tcnodetracker
netherportalfix->netherportalfix
cookingforblockheads->CookingForBlockheads
battlegear2->battlegear2
Ztones->Ztones
craftpresence->CraftPresence
EnderZoo->EnderZoo
blocklimiter->BlockLimiter
betterbuilderswands->BetterBuildersWands
ProjRed->ProjRed
controlling->controlling
detravscannermod->GT.Scanner.Mod
txloader->txloader
ae2stuff->ae2stuff
DraconicEvolution->Draconic-Evolution
OpenComputers->OpenComputers
kekztech->kekztech
gravisuiteneo->gravisuiteneo
SuperTic->SuperTic
Railcraft->Railcraft
wailaplugins->WAILAPlugins
IC2NuclearControl->IC2NuclearControl
angermod->AngerMod
StevesCarts->StevesCarts
betterquesting->BetterQuesting
ThaumicHorizons->ThaumicHorizons
RIO->RemoteIO
structurecompat->structurecompat
openglasses->OpenGlasses
HardcoreDarkness->HardcoreDarkness
ForbiddenMagic->Forbidden.Magic
openmodularturrets->OpenModularTurrets
ThaumcraftResearchTweaks->ThaumcraftResearchTweaks
ThaumicTinkerer->ThaumicTinkerer
Roguelike->roguelike
AdvancedSolarPanel->AdvancedSolarPanel
AFSU->AFSU
JABBA->JABBA
mixingasm->mixingasm
AppleCore->AppleCore
inpure->INpureCore
TiCTooltips->TiCTooltips
HungerOverhaul->HungerOverhaul
gtnhlib->gtnhlib
visualprospecting->visualprospecting
WailaHarvestability->WailaHarvestability
botanichorizons->BotanicHorizons
irontank->irontanks
examplemod->Tinkers-Defense
Botania->Botania
personalspace->personalspace
Avaritia->Avaritia
ForgeRelocation->ForgeRelocation
OpenMods->OpenModsLibs
TConstruct->TConstruct
StevesFactoryManager->StevesFactoryManager
TaintedMagic->Tainted-Magic
avaritiaddons->Avaritiaddons
sharewhereiam->sharewhereiam
Mantle->Mantle
journeymap->journeymap
SGCraft->SGCraft
appliedenergistics2->appliedenergistics2
thaumcraftneiplugin->thaumcraftneiplugin
StorageDrawersMisc->StorageDrawersMisc
harvestcraft->harvestcraft
tc4tweak->Thaumcraft4Tweaks
TwilightForest->TwilightForest
ProjectBlue->ProjectBlue
GraviSuite->GraviSuite
harvestthenether->Pam's Harvest the Nether
MineTweaker3->CraftTweaker
MagicBees->magicbees
HelpFixer->HelpFixer
itlt->itlt
IC2->IC2 Crop Plugin Version
IronChest->IronChest
RandomThings->RandomThings
creativecore->creativecore
bugtorch->bugtorch
SpiceOfLife->SpiceOfLife
ThaumicExploration->Thaumic-Exploration
FastCraft->fastcraft
compactkineticgenerators->CompactKineticGenerators
neiintegration->NEIIntegration
StorageDrawersNatura->StorageDrawersNatura
StorageDrawersBop->StorageDrawersBop
neenergistics->NotEnoughEnergistics
chisel->chisel
StevesAddons->StevesAddons
BuildCraft->buildcraft-compat
supersolarpanel->SSP
ThaumcraftMobAspects->ThaumcraftMobAspects
IC2->industrialcraft
wawla->Wawla
witchery->witchery
Backpack->backpack
LogisticsPipes->logisticspipes
WitchingGadgets->WitchingGadgets
overloadedarmorbar->overloadedarmorbar
chiseltones->chiseltones
ggfab->ggfab
littletiles->littletiles
BloodArsenal->BloodArsenal
gtnhtcwands->GTNH-TC-Wands
